source,name,python_pobj,octave_pobj,reldiff,python_iter,octave_iter,python_numerr,octave_numerr,python_s,octave_s,ratio_py_over_oct
DIMACS,copo14,-6.645059e-09,-6.646434e-09,2.07e-04,17,17,0,0,1.44,1.08,1.33
DIMACS,copo23,-1.893947e-08,-1.893850e-08,5.12e-05,20,20,0,0,70.95,55.69,1.27
DIMACS,filter48_socp,1.416129e+00,1.416129e+00,1.58e-07,35,37,0,0,2.53,1.19,2.12
DIMACS,filtinf1,0.000000e+00,0.000000e+00,0.00e+00,31,30,0,0,1.96,0.93,2.11
DIMACS,hamming_7_5_6,-4.266667e+01,-4.266667e+01,1.37e-10,17,17,0,0,13.38,9.88,1.35
DIMACS,hamming_9_8,-2.240000e+02,-2.240000e+02,3.16e-08,25,25,0,0,58.56,48.27,1.21
DIMACS,minphase,5.981158e+00,5.980187e+00,1.62e-04,33,30,1,1,1.03,0.65,1.58
DIMACS,nb,-5.070309e-02,-5.070309e-02,5.81e-11,20,20,0,0,1.73,0.63,2.76
DIMACS,nb_L1,-1.301227e+01,-1.301227e+01,4.71e-11,18,18,0,0,2.58,2.85,0.90
DIMACS,nb_L2,-1.628972e+00,-1.628972e+00,3.62e-10,16,16,0,0,2.83,0.75,3.75
DIMACS,nb_L2_bessel,-1.025695e-01,-1.025695e-01,3.95e-08,16,16,0,0,1.60,0.60,2.65
DIMACS,nql30,-9.460279e-01,-9.460279e-01,1.91e-11,15,15,0,0,0.34,0.49,0.71
DIMACS,nql30old,9.460509e-01,9.460480e-01,3.01e-06,18,18,1,1,5.68,1.57,3.61
DIMACS,qssp30,-6.496669e+00,-6.496669e+00,1.81e-11,20,20,0,0,0.56,1.00,0.56
DIMACS,qssp30old,6.496687e+00,6.589279e+00,1.41e-02,19,15,1,2,7.39,3.05,2.43
DIMACS,sched_100_100_scaled,2.733079e+01,2.733079e+01,1.21e-10,61,60,0,0,6.39,3.17,2.02
DIMACS,sched_100_50_orig,1.818899e+05,1.818899e+05,2.05e-10,41,41,0,0,5.82,1.81,3.21
DIMACS,sched_50_50_orig,2.667300e+04,2.667300e+04,1.17e-10,44,44,0,0,2.26,1.03,2.19
DIMACS,sched_50_50_scaled,7.852038e+00,7.852038e+00,1.49e-11,31,31,0,0,1.17,0.63,1.85
DIMACS,torusg3-8,-4.573582e+02,-4.573582e+02,3.82e-11,19,19,0,0,13.87,12.55,1.11
DIMACS,toruspm3-8-50,-5.278087e+02,-5.278087e+02,9.28e-11,18,18,0,0,13.13,12.13,1.08
DIMACS,truss5,1.326357e+02,1.326357e+02,3.00e-10,23,23,0,0,1.17,1.22,0.96
DIMACS,truss8,1.331146e+02,1.331146e+02,1.20e-10,24,24,0,0,2.45,2.25,1.09
SDPLIB,arch0,-5.665173e-01,-5.665173e-01,8.20e-10,31,32,0,0,2.51,2.52,1.00
SDPLIB,arch2,-6.715154e-01,-6.715154e-01,3.52e-11,28,28,0,0,1.96,1.73,1.13
SDPLIB,arch4,-9.726274e-01,-9.726274e-01,5.18e-11,29,29,0,0,2.07,1.61,1.28
SDPLIB,arch8,-7.056980e+00,-7.056980e+00,8.78e-11,34,34,0,0,2.58,2.04,1.26
SDPLIB,control1,-1.778463e+01,-1.778463e+01,6.73e-11,30,30,0,0,0.25,0.24,1.04
SDPLIB,control10,-3.853310e+01,-3.853310e+01,1.67e-07,43,43,1,1,46.18,33.53,1.38
SDPLIB,control11,-3.195870e+01,-3.195870e+01,9.66e-08,47,47,1,1,73.27,58.13,1.26
SDPLIB,control2,-8.300000e+00,-8.300000e+00,2.78e-09,31,31,0,0,0.33,0.35,0.95
SDPLIB,control3,-1.363327e+01,-1.363327e+01,4.32e-10,34,34,1,0,1.54,1.24,1.25
SDPLIB,control4,-1.979423e+01,-1.979423e+01,2.53e-10,35,35,1,1,1.53,1.21,1.26
SDPLIB,control5,-1.688361e+01,-1.688361e+01,6.89e-08,35,35,1,1,3.37,2.42,1.39
SDPLIB,control6,-3.730448e+01,-3.730448e+01,3.80e-09,38,38,1,1,5.00,3.94,1.27
SDPLIB,control7,-2.062509e+01,-2.062509e+01,2.42e-10,40,40,1,1,8.73,6.80,1.28
SDPLIB,control8,-2.028637e+01,-2.028638e+01,2.69e-08,40,40,1,1,15.71,11.61,1.35
SDPLIB,control9,-1.467543e+01,-1.467543e+01,7.53e-08,40,40,1,1,25.67,19.31,1.33
SDPLIB,equalG11,-6.291540e+02,-6.291534e+02,9.39e-07,21,20,1,1,61.30,52.60,1.17
SDPLIB,gpp100,4.494351e+01,4.494352e+01,1.26e-07,22,22,1,1,0.73,0.62,1.18
SDPLIB,gpp124-1,7.343042e+00,7.343045e+00,4.18e-07,23,24,1,1,0.97,0.84,1.15
SDPLIB,gpp124-2,4.686232e+01,4.686244e+01,2.72e-06,23,21,1,1,1.11,0.79,1.41
SDPLIB,gpp124-3,1.530142e+02,1.530141e+02,5.24e-07,21,22,1,1,0.89,0.78,1.14
SDPLIB,gpp124-4,4.189873e+02,4.189873e+02,9.79e-08,25,25,1,1,1.12,0.97,1.15
SDPLIB,gpp250-1,1.544489e+01,1.544488e+01,6.56e-07,23,25,1,1,3.49,3.46,1.01
SDPLIB,gpp250-2,8.186916e+01,8.186904e+01,1.40e-06,24,27,1,1,3.74,3.71,1.01
SDPLIB,gpp250-3,3.035393e+02,3.035393e+02,1.71e-07,26,26,1,1,4.14,3.82,1.08
SDPLIB,gpp250-4,7.473282e+02,7.473285e+02,4.39e-07,24,24,1,1,3.88,3.58,1.08
SDPLIB,gpp500-1,2.532065e+01,2.532059e+01,2.03e-06,29,29,1,1,24.30,19.96,1.22
SDPLIB,gpp500-2,1.560608e+02,1.560608e+02,3.00e-07,27,27,1,1,22.05,18.79,1.17
SDPLIB,gpp500-3,5.130179e+02,5.130181e+02,2.96e-07,28,27,1,1,22.22,19.15,1.16
SDPLIB,gpp500-4,1.567019e+03,1.567019e+03,1.03e-08,26,26,1,1,21.27,17.90,1.19
SDPLIB,hinf1,-2.032744e+00,-2.032711e+00,1.63e-05,20,21,1,1,0.36,0.40,0.89
SDPLIB,hinf10,-1.087361e+02,-1.087389e+02,2.52e-05,26,27,1,1,0.86,0.73,1.17
SDPLIB,hinf11,-6.588885e+01,-6.589054e+01,2.57e-05,28,28,1,1,1.03,0.79,1.30
SDPLIB,hinf13,-4.503329e+01,-4.499563e+01,8.36e-04,15,16,1,1,0.85,1.05,0.81
SDPLIB,hinf14,-1.299426e+01,-1.299419e+01,5.13e-06,23,25,1,1,1.87,1.88,0.99
SDPLIB,hinf15,-2.481544e+01,-2.483998e+01,9.88e-04,17,16,1,1,1.13,0.63,1.80
SDPLIB,hinf2,-1.096721e+01,-1.096726e+01,3.69e-06,19,18,1,1,0.26,0.26,0.99
SDPLIB,hinf3,-5.694204e+01,-5.694188e+01,2.78e-06,20,19,1,1,0.26,0.26,1.00
SDPLIB,hinf4,-2.747640e+02,-2.747640e+02,2.83e-09,25,27,0,0,0.38,0.48,0.80
SDPLIB,hinf5,-3.622346e+02,-3.622170e+02,4.84e-05,19,18,1,1,0.24,0.24,0.97
SDPLIB,hinf6,-4.489387e+02,-4.489410e+02,5.22e-06,23,22,1,1,0.44,0.41,1.06
SDPLIB,hinf7,-3.894261e+02,-3.835302e+02,1.51e-02,19,18,1,1,0.21,0.21,1.01
SDPLIB,hinf8,-1.161456e+02,-1.161365e+02,7.84e-05,17,16,1,1,0.33,0.28,1.19
SDPLIB,hinf9,-2.362474e+02,-2.362474e+02,1.29e-08,26,26,0,0,0.29,0.31,0.94
SDPLIB,infd1,0.000000e+00,0.000000e+00,0.00e+00,6,6,0,0,0.06,0.06,0.99
SDPLIB,infd2,0.000000e+00,0.000000e+00,0.00e+00,6,6,0,0,0.06,0.06,0.96
SDPLIB,infp1,-1.000000e+00,-1.000000e+00,3.33e-16,7,7,0,0,0.07,0.07,0.96
SDPLIB,infp2,-1.000000e+00,-1.000000e+00,3.33e-16,11,11,0,0,0.09,0.10,0.92
SDPLIB,maxG11,-6.291648e+02,-6.291648e+02,2.36e-11,16,16,0,0,36.33,34.02,1.07
SDPLIB,maxG51,-4.006255e+03,-4.006255e+03,6.00e-12,22,22,0,0,93.61,88.81,1.05
SDPLIB,mcp100,-2.261574e+02,-2.261574e+02,1.64e-10,17,17,0,0,0.41,0.36,1.13
SDPLIB,mcp124-1,-1.419905e+02,-1.419905e+02,4.60e-11,17,17,0,0,0.60,0.50,1.21
SDPLIB,mcp124-2,-2.698802e+02,-2.698802e+02,7.18e-12,18,18,0,0,0.60,0.56,1.08
SDPLIB,mcp124-3,-4.677501e+02,-4.677501e+02,7.42e-11,18,18,0,0,0.61,0.54,1.12
SDPLIB,mcp124-4,-8.644119e+02,-8.644119e+02,5.50e-12,20,20,0,0,0.64,0.58,1.12
SDPLIB,mcp250-1,-3.172643e+02,-3.172643e+02,1.41e-10,19,19,0,0,2.12,2.13,1.00
SDPLIB,mcp250-2,-5.319301e+02,-5.319301e+02,2.81e-11,19,19,0,0,2.24,2.14,1.05
SDPLIB,mcp250-3,-9.811726e+02,-9.811726e+02,4.16e-11,19,19,0,0,2.26,2.11,1.07
SDPLIB,mcp250-4,-1.681960e+03,-1.681960e+03,1.86e-11,21,21,0,0,2.67,2.37,1.13
SDPLIB,mcp500-1,-5.981485e+02,-5.981485e+02,9.03e-12,21,21,0,0,13.28,11.96,1.11
SDPLIB,mcp500-2,-1.070057e+03,-1.070057e+03,2.39e-10,20,20,0,0,12.85,12.18,1.06
SDPLIB,mcp500-3,-1.847970e+03,-1.847970e+03,2.48e-10,20,20,0,0,13.20,12.58,1.05
SDPLIB,mcp500-4,-3.566738e+03,-3.566738e+03,6.87e-12,20,20,0,0,13.00,12.75,1.02
SDPLIB,qap10,1.092577e+03,1.092583e+03,5.22e-06,25,27,1,1,5.77,5.15,1.12
SDPLIB,qap5,4.360000e+02,4.360000e+02,2.26e-11,14,14,0,0,0.20,0.19,1.04
SDPLIB,qap6,3.814246e+02,3.814275e+02,7.42e-06,23,24,1,1,0.89,0.69,1.28
SDPLIB,qap7,4.248084e+02,4.248085e+02,2.46e-07,24,24,1,1,1.16,0.78,1.48
SDPLIB,qap8,7.569352e+02,7.569134e+02,2.89e-05,27,24,1,1,2.22,1.15,1.94
SDPLIB,qap9,1.409920e+03,1.409905e+03,1.04e-05,25,24,1,1,3.48,2.27,1.53
SDPLIB,ss30,-2.023951e+01,-2.023951e+01,1.48e-10,37,37,1,1,10.13,9.69,1.05
SDPLIB,theta1,-2.300000e+01,-2.300000e+01,4.96e-11,19,19,0,0,0.25,0.24,1.06
SDPLIB,theta2,-3.287917e+01,-3.287917e+01,1.63e-11,20,20,0,0,0.93,0.84,1.11
SDPLIB,theta3,-4.216698e+01,-4.216698e+01,1.05e-10,20,20,0,0,4.52,3.81,1.19
SDPLIB,theta4,-5.032122e+01,-5.032122e+01,3.10e-10,20,20,0,0,19.80,16.53,1.20
SDPLIB,theta5,-5.723231e+01,-5.723231e+01,2.18e-11,23,23,0,0,107.26,71.36,1.50
SDPLIB,truss1,8.999996e+00,8.999996e+00,4.61e-11,13,13,0,0,0.14,0.20,0.71
SDPLIB,truss2,1.233804e+02,1.233804e+02,9.01e-11,20,20,0,0,0.99,1.21,0.81
SDPLIB,truss3,9.109996e+00,9.109996e+00,2.84e-11,15,15,0,0,0.17,0.22,0.77
SDPLIB,truss4,9.009996e+00,9.009996e+00,4.67e-12,14,14,0,0,0.19,0.23,0.84
SDPLIB,truss5,1.326357e+02,1.326357e+02,3.00e-10,23,23,0,0,1.28,1.31,0.98
SDPLIB,truss6,9.010014e+02,9.010014e+02,4.50e-10,28,28,0,0,13.99,18.35,0.76
SDPLIB,truss7,9.000014e+02,9.000014e+02,2.27e-08,27,25,1,1,23.26,19.93,1.17
SDPLIB,truss8,1.331146e+02,1.331146e+02,1.20e-10,24,24,0,0,2.56,2.26,1.13
